City,Cloudiness,Country,Date,Humidity,Lat,Lng,Max Temp,Wind Speed
Jacareacanga,64,BR,1551061874,96,-6.22,-57.76,73.98,2.71
Joensuu,90,FI,1551059400,86,62.6,29.76,35.6,10.29
Bethel,40,US,1551060660,93,60.79,-161.76,35.6,11.41
Tuktoyaktuk,75,CA,1551060000,78,69.44,-133.03,10.4,5.82
Mar del Plata,12,AR,1551061759,77,-46.43,-67.52,44.5,8.75
Bredasdorp,12,ZA,1551060000,82,-34.53,20.04,60.8,2.82
Rocha,12,UY,1551061626,88,-34.48,-54.34,57.01,2.59
Kyren,0,RU,1551061877,61,51.68,102.13,12.28,2.59
Rikitea,92,PF,1551061877,100,-23.12,-134.97,80.01,14.0
Qaanaaq,0,GL,1551061877,86,77.48,-69.36,-20.53,7.18
Meadow Lake,0,CA,1551061877,56,54.13,-108.44,-12.7,6.29
Bosaso,92,SO,1551061877,100,11.28,49.18,73.71,4.38
Tuatapere,12,NZ,1551061878,85,-46.13,167.69,57.46,10.65
Torbay,5,CA,1551060000,60,47.66,-52.73,10.4,5.82
Mataura,12,NZ,1551061878,46,-46.19,168.86,62.68,10.87
Butaritari,80,KI,1551061832,100,3.07,172.79,83.79,17.47
Busselton,48,AU,1551061879,78,-33.64,115.35,76.59,16.02
Upernavik,32,GL,1551061879,100,72.79,-56.15,-0.28,21.16
Najran,20,SA,1551060000,52,17.54,44.22,68.0,2.24
Dakar,0,SN,1551060000,40,14.69,-17.45,71.6,11.41
Vaini,0,IN,1551060000,49,15.34,74.49,68.0,3.83
Barrow,12,AR,1551061763,71,-38.31,-60.23,52.2,13.0
Abnub,0,EG,1551056400,66,27.27,31.15,50.0,11.41
Fortuna,20,ES,1551060000,93,38.18,-1.13,46.4,3.36
Pacific Grove,1,US,1551060900,66,36.62,-121.92,53.6,4.7
Victoria,75,BN,1551060000,79,5.28,115.24,84.2,4.7
Mehriz,0,IR,1551060000,42,31.58,54.44,46.4,6.93
Punta Arenas,75,CL,1551060000,70,-53.16,-70.91,44.6,12.75
Guangyuan,80,CN,1551061882,78,32.43,105.86,44.5,1.81
Tasiilaq,92,GL,1551059400,92,65.61,-37.64,32.0,46.08
Puerto Ayora,56,EC,1551061770,100,-0.74,-90.35,79.06,5.17
Saint-Philippe,90,CA,1551060600,80,45.36,-73.48,35.6,27.51
Twin Falls,90,US,1551059580,64,42.57,-114.46,39.2,16.11
Santa Maria da Vitoria,76,BR,1551061883,60,-13.39,-44.19,78.93,5.17
Hobart,0,AU,1551060000,16,-42.88,147.33,86.0,8.05
Bluff,0,AU,1551061773,35,-23.58,149.07,90.36,11.77
Cape Town,20,ZA,1551060000,100,-33.93,18.42,64.4,8.05
Ushuaia,75,AR,1551060000,52,-54.81,-68.31,41.0,17.22
Tilichiki,0,RU,1551061884,70,60.47,166.1,0.72,3.71
Jamestown,0,AU,1551061770,35,-33.21,138.6,87.61,5.95
Bilma,12,NE,1551061885,38,18.69,12.92,46.89,9.86
Albany,90,US,1551060300,74,42.65,-73.75,42.8,14.99
Rockland,90,US,1551061020,93,42.13,-70.92,46.4,9.17
Ponta Delgada,40,PT,1551060000,71,37.73,-25.67,55.4,14.99
Carnarvon,0,ZA,1551061886,72,-30.97,22.13,51.3,2.93
Naze,48,NG,1551061886,95,5.43,7.07,74.38,2.93
Beringovskiy,8,RU,1551061620,80,63.05,179.32,26.05,8.52
Cabo San Lucas,20,MX,1551059160,59,22.89,-109.91,66.2,4.7
Flinders,40,AU,1551060000,50,-34.58,150.85,75.2,8.05
Marawi,0,PH,1551061887,44,8.0,124.29,82.89,3.15
Aklavik,40,CA,1551060000,49,68.22,-135.01,23.0,4.38
Hithadhoo,92,MV,1551061760,100,-0.6,73.08,82.53,7.74
Ulaanbaatar,0,MN,1551060000,71,47.92,106.92,6.8,2.24
Mirabad,0,IR,1551061888,79,28.27,61.33,35.01,2.82
Hilo,90,US,1551059580,73,19.71,-155.08,71.6,8.05
Kapaa,75,US,1551059760,64,22.08,-159.32,78.8,16.11
Port Alfred,36,ZA,1551061763,96,-33.59,26.89,66.28,5.28
Sioux Lookout,90,CA,1551060540,70,50.1,-91.92,-2.21,20.8
Russkaya Polyana,48,RU,1551061889,82,53.78,73.88,5.53,10.2
Nanortalik,92,GL,1551061889,94,60.14,-45.24,32.53,7.4
Vao,0,EE,1551061889,79,59.1,26.19,35.01,14.67
Bambous Virieux,40,MU,1551060000,83,-20.34,57.76,80.6,9.17
La Ronge,20,CA,1551060000,52,55.1,-105.3,-9.41,6.93
Seoul,1,KR,1551061200,51,37.57,126.98,44.6,3.36
Sitka,20,US,1551061890,67,37.17,-99.65,36.4,13.22
Palamos,0,ES,1551060000,100,41.85,3.13,35.6,1.12
Nome,1,US,1551060900,46,30.04,-94.42,57.2,4.7
Erenhot,0,CN,1551061891,36,43.65,111.97,29.88,3.83
Faya,0,SA,1551060000,62,18.39,42.45,60.8,5.82
Westport,64,IE,1551061796,89,53.8,-9.52,51.52,11.43
Belyy Yar,24,RU,1551060000,78,53.6,91.39,17.6,6.71
Zhanaozen,88,KZ,1551061892,91,43.35,52.85,31.68,7.85
Leningradskiy,88,RU,1551061892,82,69.38,178.42,16.96,18.59
Allen,1,US,1551060900,42,33.1,-96.67,51.8,5.39
Vanimo,0,PG,1551061893,100,-2.67,141.3,82.53,2.04
Severo-Kurilsk,64,RU,1551061805,100,50.68,156.12,23.04,7.29
Goundam,0,ML,1551061893,38,16.42,-3.66,61.56,14.45
Baykit,68,RU,1551061893,71,61.68,96.39,19.26,11.77
Cabedelo,40,BR,1551060000,88,-6.97,-34.84,78.8,3.36
Bayji,0,IQ,1551061894,81,34.93,43.49,41.71,4.5
Wawa,0,NG,1551061894,89,9.9,4.41,65.2,3.6
Airai,36,TL,1551061895,86,-8.93,125.41,79.56,1.59
Avarua,44,CK,1551060000,69,-21.21,-159.78,80.6,3.36
Yulara,0,AU,1551060000,16,-25.24,130.99,98.6,11.41
Atuona,0,PF,1551061758,100,-9.8,-139.03,80.91,8.97
Kununurra,0,AU,1551060000,56,-15.77,128.74,93.2,3.36
Hermanus,0,ZA,1551061896,97,-34.42,19.24,54.31,2.59
Waycross,1,US,1551060900,29,31.21,-82.35,66.2,9.17
Bathsheba,20,BB,1551060000,69,13.22,-59.52,77.0,23.04
Castro,0,CL,1551060000,81,-42.48,-73.76,44.6,6.93
North Myrtle Beach,1,US,1551060000,34,33.83,-78.68,66.2,11.41
Norman Wells,90,CA,1551060000,65,65.28,-126.83,5.0,2.24
Tsogni,76,GA,1551061897,97,-2.79,10.1,81.85,6.06
Batemans Bay,0,AU,1551061897,70,-35.71,150.18,73.98,5.39
Souillac,75,FR,1551060000,93,45.6,-0.6,39.2,2.24
Clyde River,1,CA,1551060000,74,70.47,-68.59,-23.81,14.99
Dikson,48,RU,1551061857,79,73.51,80.55,-4.96,11.54
Nadym,80,RU,1551061898,75,65.53,72.51,7.33,6.96
Arraial do Cabo,48,BR,1551061899,87,-22.97,-42.02,80.19,7.63
Nikolskoye,75,RU,1551060000,74,59.7,30.79,37.4,15.66
Dzerzhinskoye,20,RU,1551061899,65,56.84,95.22,23.71,7.74
Ponta do Sol,36,BR,1551061900,86,-20.63,-46.0,68.08,5.17
Longyearbyen,75,NO,1551059400,64,78.22,15.63,-0.41,12.75
Yetkul,40,RU,1551060000,66,54.83,61.59,15.8,11.18
Isangel,12,VU,1551061900,99,-19.55,169.27,82.35,15.79
Birao,88,CF,1551061901,83,10.3,22.78,72.22,4.16
Nouadhibou,0,MR,1551060000,48,20.93,-17.03,64.4,12.75
Sinnamary,100,GF,1551061857,95,5.38,-52.96,78.88,12.44
Coari,0,BR,1551061901,95,-4.09,-63.14,76.23,2.71
Khatanga,56,RU,1551061758,56,71.98,102.47,-11.89,5.17
Saldanha,0,PT,1551061838,76,41.42,-6.55,31.05,2.93
Plaeng Yao,40,TH,1551060000,79,13.58,101.28,84.2,9.17
Greencastle,1,US,1551060900,63,39.64,-86.86,30.2,6.93
Saint George,90,GR,1551059400,43,39.45,22.34,35.6,11.41
Vostok,68,RU,1551061903,63,46.45,135.83,20.7,5.17
Kaolinovo,0,BG,1551061903,65,43.62,27.12,13.0,4.72
Geraldton,90,CA,1551060000,78,49.72,-86.95,10.4,24.16
Tuburan,40,PH,1551060000,65,10.73,123.82,82.4,10.29
Namibe,80,AO,1551061889,100,-15.19,12.15,74.65,3.04
Esperance,40,TT,1551060000,94,10.24,-61.45,73.4,4.61
Kruisfontein,0,ZA,1551061845,88,-34.0,24.73,59.31,2.71
New Norfolk,0,AU,1551060000,16,-42.78,147.06,86.0,8.05
Gisborne,100,NZ,1551061904,80,-38.66,178.02,61.2,21.27
Kaitangata,20,NZ,1551061905,55,-46.28,169.85,61.87,9.98
Bayir,75,TR,1551059400,93,37.27,28.22,50.0,5.82
Madisonville,1,US,1551060900,38,37.33,-87.5,41.0,11.99
Iqaluit,5,CA,1551060000,68,63.75,-68.52,-18.41,9.17
Georgetown,20,GY,1551060000,94,6.8,-58.16,78.8,4.7
Lavrentiya,24,RU,1551061873,84,65.58,-170.99,29.83,35.81
Sfantu Gheorghe,0,RO,1551060000,92,44.65,26.83,24.8,5.82
Lebu,40,ET,1551060000,76,8.96,38.73,57.2,2.24
Saint Anthony,90,US,1551059760,64,43.97,-111.68,33.8,14.99
Morro Bay,1,US,1551059760,76,35.37,-120.85,60.8,11.41
Tripoli,44,GR,1551059400,56,37.51,22.37,42.8,11.41
Umea,0,SE,1551059400,56,63.83,20.26,42.8,23.04
Antigonish,90,CA,1551060000,73,45.62,-61.99,21.2,19.46
Mahebourg,40,MU,1551060000,83,-20.41,57.7,80.6,9.17
Ust-Nera,0,RU,1551061908,48,64.57,143.24,-32.23,2.37
Huarmey,24,PE,1551061908,89,-10.07,-78.15,67.95,2.71
Deputatskiy,20,RU,1551061909,45,69.3,139.9,-29.71,2.71
Emerald,0,AU,1551060000,33,-23.53,148.16,86.0,12.75
Manzanillo,0,CU,1551061909,100,20.34,-77.12,79.11,7.96
Bandarbeyla,92,SO,1551061909,100,9.49,50.81,77.71,15.46
Corbelia,40,BR,1551056400,78,-24.8,-53.31,75.2,11.41
Paracuru,20,BR,1551060000,88,-3.41,-39.03,77.0,4.7
Nhulunbuy,20,AU,1551060000,52,-12.18,136.78,89.6,9.17
Luau,44,CD,1551061911,97,-10.7,22.23,63.85,2.15
Tamiahua,88,MX,1551061901,99,21.28,-97.45,67.18,16.02
Klaksvik,48,FO,1551061200,93,62.23,-6.59,48.2,13.87
Srikakulam,0,IN,1551061912,100,18.29,83.89,78.07,2.59
Tadine,68,NC,1551061912,87,-21.55,167.88,83.7,14.45
San Cristobal,90,EC,1551060000,100,-0.39,-78.55,55.4,2.24
Atar,0,MR,1551061913,27,20.52,-13.05,57.37,8.19
Daru,0,SL,1551061913,78,7.99,-10.85,74.47,7.07
Tingi,76,TZ,1551061913,100,-11.3,35.03,74.88,3.94
Yellowknife,40,CA,1551060000,68,62.45,-114.38,-16.61,2.24
Itirapina,0,BR,1551060000,100,-22.26,-47.82,69.8,2.24
Padang,20,ID,1551060000,74,-0.92,100.36,86.0,2.24
Juba,0,EE,1551059400,88,57.82,26.93,35.6,17.22
Guatire,40,VE,1551060000,94,10.47,-66.54,78.8,4.7
Ribeira Grande,0,PT,1551061915,100,38.52,-28.7,58.5,17.13
Vanavara,80,RU,1551061915,75,60.35,102.28,24.84,10.2
East London,68,ZA,1551061915,100,-33.02,27.91,71.32,10.42
Takoradi,44,GH,1551061916,100,4.89,-1.75,81.85,10.65
Scarborough,90,GB,1551059400,93,54.28,-0.41,42.8,1.12
Havre-Saint-Pierre,75,CA,1551060000,72,50.23,-63.6,10.4,9.17
Northam,20,GB,1551059400,74,51.04,-4.21,37.4,6.93
Coahuayana,12,MX,1551061917,59,18.62,-100.35,67.86,2.37
Coos Bay,90,US,1551060600,100,43.37,-124.22,37.4,3.36
Yashkul,36,RU,1551061917,82,46.17,45.34,16.56,7.96
Boyabat,80,TR,1551061917,89,41.47,34.77,30.73,2.93
Yarovoye,64,RU,1551061917,82,52.92,78.56,14.58,9.64
Severo-Yeniseyskiy,48,RU,1551061918,62,60.37,93.04,18.45,8.75
Inta,88,RU,1551061918,89,66.04,60.13,23.08,4.94
Tual,48,ID,1551061640,95,-5.67,132.75,85.5,5.28
Etchoropo,24,MX,1551061645,56,26.77,-109.67,61.51,11.21
Pevek,80,RU,1551061918,79,69.7,170.27,-1.85,29.77
Soro,0,NG,1551061919,42,11.71,7.41,64.8,6.73
Villarrobledo,0,ES,1551061919,83,39.27,-2.6,29.56,4.61
Lavumisa,76,ZA,1551061919,99,-27.31,31.88,68.26,2.93
Nador,20,MA,1551060000,71,35.17,-2.93,57.2,8.05
Martinsville,1,US,1551060600,36,36.69,-79.87,50.0,4.7
Tazovskiy,88,RU,1551061920,65,67.47,78.7,-4.69,10.76
Codrington,75,AU,1551060000,73,-28.95,153.24,77.0,14.99
Mount Gambier,12,AU,1551056400,15,-37.83,140.78,91.4,17.22
Sao Joao da Barra,20,BR,1551061921,95,-21.64,-41.05,83.38,14.67
Svetlogorsk,40,RU,1551060000,66,53.14,59.15,10.4,13.42
Hasaki,75,JP,1551060600,62,35.73,140.83,55.4,4.7
Kaoma,0,ZM,1551061922,86,-14.8,24.8,61.42,2.93
Palmer,0,AU,1551060000,16,-34.85,139.16,91.4,16.11
Rodrigues Alves,0,BR,1551060000,94,-7.74,-72.65,77.0,3.83
Belmonte,0,PT,1551061923,75,40.36,-7.35,34.74,2.26
Ustka,80,PL,1551061923,90,54.58,16.86,38.47,13.0
Catio,0,GW,1551061923,90,11.28,-15.25,66.91,0.92
Kasempa,0,ZM,1551061923,87,-13.46,25.83,59.4,2.59
Embu,12,KE,1551061924,100,-0.54,37.46,58.45,2.82
Nyurba,8,RU,1551061924,78,63.29,118.35,4.05,5.95
Oranjemund,24,ZA,1551061924,95,-28.55,16.43,62.86,15.68
San Patricio,88,PY,1551061769,98,-26.98,-56.83,72.22,5.06
Ilulissat,44,GL,1551059400,66,69.22,-51.1,10.4,4.7
Launceston,12,AU,1551060000,41,-41.43,147.14,75.2,17.22
Bratsk,8,RU,1551060000,67,56.15,101.63,21.2,4.47
Luderitz,0,NA,1551061799,71,-26.65,15.16,63.9,13.22
Oeiras,64,BR,1551061926,92,-7.01,-42.13,74.34,4.16
Salinas,1,US,1551060900,76,36.67,-121.66,53.6,11.41
Mingyue,0,CN,1551061927,22,43.11,128.91,32.98,6.96
Bhimunipatnam,0,IN,1551060000,73,17.88,83.43,75.2,2.24
Panalingaan,0,PH,1551061927,68,8.78,117.42,84.55,7.85
Mmabatho,8,ZA,1551060000,42,-25.85,25.61,62.6,3.36
Tucuman,8,PE,1551061657,84,-17.17,-70.89,59.58,1.81
Iskateley,88,RU,1551061928,93,67.68,53.15,28.98,15.79
Abu Dhabi,88,AE,1551060000,82,24.47,54.37,68.0,1.12
Lompoc,1,US,1551060900,81,34.64,-120.46,55.4,9.17
Landsberg,0,DE,1551059400,69,51.53,12.16,33.8,6.93
Ejura,0,GH,1551061928,74,7.38,-1.37,77.53,9.42
Farafangana,64,MG,1551061929,100,-22.82,47.83,75.6,3.15
Fairbanks,1,US,1551059880,56,64.84,-147.72,17.6,0.81
College,1,US,1551059880,56,64.86,-147.8,19.4,0.81
Sao Filipe,0,CV,1551061930,90,14.9,-24.5,72.4,12.21
Awjilah,12,LY,1551061930,68,29.14,21.3,42.61,9.42
Lyubinskiy,0,RU,1551060000,84,55.15,72.69,-0.41,6.71
Bambanglipuro,24,ID,1551061930,97,-7.95,110.28,82.98,4.16
Wichita Falls,1,US,1551060900,39,33.91,-98.49,46.4,6.93
Thompson,5,CA,1551060000,61,55.74,-97.86,-20.21,4.7
Kodiak,1,US,1551060900,51,39.95,-94.76,17.6,6.93
Cherskiy,76,RU,1551061931,76,68.75,161.3,-12.29,10.31
Provideniya,75,RU,1551060000,83,64.42,-173.23,32.0,22.37
Ust-Maya,48,RU,1551061932,62,60.42,134.54,-8.38,1.36
Ligayan,76,PH,1551061932,100,4.65,119.47,80.95,10.98
Miles City,90,US,1551059580,77,46.41,-105.84,-2.21,11.41
Pangnirtung,0,CA,1551061933,39,66.15,-65.72,-26.24,3.27
Matagami,24,NG,1551061933,97,9.67,8.4,64.66,3.94
Cirie,0,IT,1551059400,80,45.24,7.6,33.8,2.24
Ketchikan,1,US,1551059580,24,55.34,-131.65,35.6,8.05
Cayenne,92,GF,1551060000,74,4.94,-52.33,78.8,6.93
Moranbah,0,AU,1551061934,42,-22.0,148.04,87.97,14.0
Baherden,0,TM,1551061904,80,38.44,57.43,32.53,3.15
Ancud,0,CL,1551060000,81,-41.87,-73.83,44.6,6.93
Egvekinot,36,RU,1551061934,75,66.32,-179.17,15.48,15.68
Mehamn,92,NO,1551061935,92,71.03,27.85,35.91,16.24
Chuy,92,UY,1551061935,87,-33.69,-53.46,66.46,5.17
Tomatlan,48,MX,1551061779,87,19.93,-105.25,67.81,2.15
Nizhniy Tsasuchey,0,RU,1551061935,44,50.52,115.13,30.91,8.19
San,0,ML,1551061935,52,13.3,-4.9,57.6,5.39
Iquitos,0,PE,1551060000,94,-3.75,-73.25,75.2,3.49
Zhangjiakou,76,CN,1551061936,69,40.77,114.88,29.11,3.94
Henties Bay,48,NA,1551061936,95,-22.12,14.28,66.73,6.29
Mahon,75,IE,1551060000,100,51.89,-8.4,46.4,11.41
Mumford,36,GH,1551061936,90,5.26,-0.76,79.33,9.08
Ayolas,92,PY,1551061937,99,-27.39,-56.84,72.36,12.66
Yar-Sale,48,RU,1551061797,72,66.83,70.83,0.27,2.93
Buraydah,0,SA,1551060000,76,26.33,43.97,51.8,5.82
Cavalcante,0,BR,1551061937,93,-13.79,-47.46,66.46,2.48
Port Lincoln,0,AU,1551061938,56,-34.72,135.86,83.7,3.83
Marsh Harbour,0,BS,1551061938,100,26.54,-77.06,75.33,9.42
Bonavista,0,CA,1551061872,95,48.65,-53.11,6.66,11.21
Touros,40,BR,1551060000,94,-5.2,-35.46,78.8,2.24
Nishihara,75,JP,1551060600,50,35.74,139.53,53.6,8.05
Saint-Leu,0,RE,1551060000,69,-21.15,55.28,78.8,5.82
Isla Vista,1,US,1551060900,87,34.41,-119.86,55.4,5.82
Jammu,20,IN,1551060000,81,32.72,74.86,48.2,2.93
Moree,0,AU,1551060000,26,-29.46,149.84,84.2,12.75
Ilebo,20,CD,1551061940,89,-4.33,20.59,73.21,2.04
Heihe,0,RU,1551060000,38,50.24,127.51,23.0,4.47
Saskylakh,68,RU,1551061779,60,71.97,114.09,-7.48,5.39
Novyye Burasy,75,RU,1551060000,79,52.13,46.08,19.4,4.47
Pacifica,90,US,1551060900,58,37.61,-122.49,53.6,8.05
Dillon,90,US,1551059580,84,45.22,-112.64,3.2,12.75
Dafeng,48,CN,1551061941,87,33.2,120.46,48.46,4.94
Paracatu,36,BR,1551061941,79,-17.22,-46.87,75.06,3.71
Palana,64,RU,1551061941,62,59.08,159.95,3.1,3.94
Shimoda,75,JP,1551060000,77,34.7,138.93,59.0,12.75
Nandgaon,0,IN,1551061942,51,20.31,74.66,66.82,2.93
Malanje,12,AO,1551061942,92,-9.54,16.35,61.2,2.37
Hami,0,CN,1551061943,63,42.84,93.51,28.53,7.74
La Serena,0,CL,1551060000,87,-29.9,-71.25,60.8,2.24
Nexo,90,DK,1551059400,100,55.06,15.13,37.4,11.41
Keuruu,0,FI,1551059400,64,62.26,24.71,39.2,20.8
Paamiut,68,GL,1551061943,100,61.99,-49.67,24.97,35.14
Vidim,0,CZ,1551060000,63,50.47,14.53,33.8,9.17
Port Moresby,40,PG,1551060000,59,-9.47,147.16,91.4,17.22
Tabou,0,CI,1551061772,97,4.42,-7.36,82.71,13.78
Omboue,44,GA,1551061945,100,-1.57,9.26,82.3,6.73
Uttaradit,12,TH,1551060000,83,17.63,100.1,75.2,2.24
Amahai,48,ID,1551061945,98,-3.31,129.0,84.73,2.37
Champerico,5,MX,1551058800,69,16.38,-93.6,77.0,16.11
Nanlong,20,CN,1551061946,100,31.35,106.05,51.52,4.38
Kailua,40,US,1551059820,78,21.39,-157.74,80.6,9.17
Carmen,0,PH,1551061946,45,7.2,124.8,89.86,4.27
Imeni Poliny Osipenko,20,RU,1551061946,63,52.42,136.49,15.52,3.94
Turbat,0,PK,1551061947,83,26.0,63.05,51.52,2.93
Onega,92,RU,1551061947,92,63.91,38.09,34.42,16.02
Cidreira,100,BR,1551061947,100,-30.17,-50.22,70.11,1.48
Pa Sang,0,TH,1551060000,53,18.53,98.94,77.0,3.83
Elk,0,PL,1551061948,89,53.83,22.36,32.17,10.87
Akureyri,0,IS,1551060000,60,65.68,-18.09,42.8,12.75
Ust-Kuyga,48,RU,1551061948,33,70.0,135.55,-23.5,4.16
Agadez,8,NE,1551061949,41,16.97,7.99,50.04,2.15
Koson,0,UZ,1551060000,86,39.04,65.59,33.8,6.93
Puerto del Rosario,0,ES,1551060000,82,28.5,-13.86,62.6,6.93
Jumla,80,NP,1551061949,92,29.28,82.18,23.4,1.59
Kingaroy,90,AU,1551060000,47,-26.54,151.84,77.0,12.75
Mombaca,56,BR,1551061950,94,-5.74,-39.63,68.35,2.82
Mitzic,56,GA,1551061950,90,0.78,11.55,73.08,2.37
Kenai,1,US,1551059760,57,60.55,-151.26,30.2,9.17
Brindisi,0,IT,1551059700,49,40.63,17.94,46.4,28.86
Verkhnevilyuysk,8,RU,1551061951,66,63.45,120.31,2.34,5.06
Hofn,12,IS,1551061815,93,64.25,-15.21,42.25,20.27
Beloha,0,MG,1551061951,90,-25.17,45.06,69.75,2.37
Esfarayen,75,IR,1551060000,92,37.08,57.51,30.2,0.92
Erice,20,IT,1551059700,76,38.04,12.59,50.0,5.82
Adre,24,TD,1551061952,69,13.47,22.2,70.78,6.62
Kalininsk,68,RU,1551061952,86,51.5,44.48,13.18,8.97
Sahuaripa,0,MX,1551061952,70,29.05,-109.23,48.01,1.7
Ranfurly,0,CA,1551061953,32,53.41,-111.68,-23.45,3.15
Holden,90,US,1551061020,93,42.35,-71.86,42.8,20.8
Tahe,32,CN,1551061953,53,52.34,124.71,21.96,3.94
Komsomolskiy,88,RU,1551061953,80,67.55,63.78,15.84,8.75
Nguruka,20,TZ,1551061954,93,-5.11,31.04,63.63,1.92
Tonota,8,BW,1551061954,51,-21.44,27.46,74.88,12.33
Sorland,92,NO,1551061954,96,67.67,12.69,41.71,29.21
Uusikaupunki,0,FI,1551061200,60,60.8,21.41,41.0,19.46
Kazuno,75,JP,1551060000,61,40.2,140.83,48.2,12.75
Capoeiras,12,BR,1551061955,90,-8.74,-36.63,70.33,5.95
Pitimbu,40,BR,1551060000,88,-7.47,-34.81,78.8,3.36
Talnakh,80,RU,1551061796,73,69.49,88.39,5.26,7.74
Pisco,75,PE,1551060000,83,-13.71,-76.2,75.2,1.12
Sabha,36,LY,1551061956,77,27.03,14.43,44.46,10.09
Faanui,76,PF,1551061956,98,-16.48,-151.75,83.92,8.19
Fukue,75,JP,1551060000,66,35.03,136.69,55.4,6.93
Lagoa,0,PT,1551060000,76,37.14,-8.45,57.2,11.41
Kasongo-Lunda,32,CD,1551061957,93,-6.48,16.82,66.37,1.59
Sobolevo,44,RU,1551061957,92,54.43,31.9,35.01,14.23
Davila,20,PH,1551060000,65,18.47,120.58,82.4,2.24
Tanout,0,NE,1551061958,39,14.97,8.88,58.14,2.37
Ballina,80,IE,1551061958,89,54.11,-9.15,50.98,11.99
San Rafael,8,AR,1551061959,17,-34.61,-68.33,64.3,8.63
Chumikan,44,RU,1551061959,55,54.72,135.31,14.35,8.97
Guerrero Negro,0,MX,1551061847,77,27.97,-114.04,55.71,13.11
Ixtapa,40,MX,1551059220,88,20.71,-105.21,69.8,1.81
Creel,56,MX,1551061960,34,27.75,-107.63,41.08,3.15
Pedernales,80,EC,1551061960,98,0.07,-80.05,72.09,2.93
Polovinnoye,64,RU,1551061960,77,54.79,65.99,10.71,10.65
Tura,0,IN,1551061961,70,25.52,90.21,66.33,3.15
Areosa,0,PT,1551060000,62,41.72,-8.86,55.4,10.29
San Juan,40,PH,1551060000,65,14.6,121.03,82.4,6.93
Aksha,0,RU,1551061962,46,50.28,113.29,30.51,9.19
Sheridan,1,US,1551061080,55,39.65,-105.03,35.6,4.7
Batiano,0,PH,1551061962,67,11.41,122.58,80.41,5.73
Vad,0,RO,1551061963,62,45.79,25.15,-1.45,1.59
Conde,64,BR,1551061963,93,-11.81,-37.61,79.6,8.52
Sann,0,PK,1551060000,82,26.04,68.14,55.4,4.7
Alta Gracia,0,AR,1551060000,93,-31.66,-64.43,64.4,5.82
Huilong,44,CN,1551061964,90,28.89,110.18,44.73,3.15
Akita,75,JP,1551060000,66,39.72,140.1,48.2,8.05
Umm Kaddadah,36,SD,1551061964,34,13.6,26.69,66.73,2.82
Chokurdakh,0,RU,1551061965,0,70.62,147.9,-31.6,7.96
Zhuhai,20,CN,1551060000,31,40.71,112.04,33.8,13.42
Kungurtug,0,RU,1551061965,66,50.6,97.53,5.49,2.71
Katsuura,20,JP,1551060000,58,33.93,134.5,53.6,11.41
Amapa,20,HN,1551060000,88,15.09,-87.97,78.8,8.05
Tatarsk,76,RU,1551061966,81,55.22,75.96,7.83,11.77
Hokitika,0,NZ,1551061966,82,-42.72,170.96,61.42,9.75
Nuuk,76,GL,1551059400,78,64.17,-51.74,17.6,11.41
Somerset West,20,ZA,1551060000,100,-34.08,18.85,64.4,8.05
Stralsund,40,DE,1551057600,80,54.31,13.08,35.6,5.82
Half Moon Bay,90,US,1551059760,58,37.46,-122.43,53.6,8.05
Nioro,0,GM,1551061967,36,13.79,-15.05,64.57,6.17
Axim,68,GH,1551061968,100,4.87,-2.24,82.26,13.11
Great Falls,90,US,1551060120,91,47.5,-111.29,-7.61,8.05
Udachnyy,36,RU,1551061968,74,66.42,112.4,-0.91,5.61
Naliya,0,IN,1551061968,91,23.26,68.83,62.73,3.6
Zamora,0,ES,1551060000,90,41.51,-5.74,32.0,2.24
Itarema,88,BR,1551061969,97,-2.92,-39.92,75.28,2.82
Riyadh,0,SA,1551060000,76,24.63,46.72,57.2,6.93
Vung Tau,0,VN,1551061962,86,10.35,107.08,82.21,21.16
Praia da Vitoria,20,PT,1551060000,81,38.73,-27.07,48.2,19.71
Dogondoutchi,0,NE,1551061970,28,13.64,4.03,62.41,10.54
Viedma,0,AR,1551061782,51,-40.81,-62.99,54.22,19.37
Lubao,75,PH,1551060000,65,14.94,120.6,84.2,9.17
Ostrovnoy,92,RU,1551061970,96,68.05,39.51,33.21,14.23
Majene,12,ID,1551061971,93,-3.54,118.97,84.15,2.93
Chibombo,32,ZM,1551061971,76,-14.68,28.09,58.81,2.82
Ko Samui,20,TH,1551060000,74,9.54,99.94,84.2,9.17
Kavaratti,0,IN,1551061775,100,10.57,72.64,80.95,2.37
Somerset,1,US,1551060900,41,37.09,-84.6,42.8,6.93
Kavieng,8,PG,1551061787,100,-2.57,150.8,83.38,7.52
Constitucion,40,MX,1551059100,6,23.99,-104.67,66.2,11.41
Timbiqui,88,CO,1551061972,96,2.77,-77.67,74.34,2.71
Port Elizabeth,1,US,1551059820,49,39.31,-74.98,50.0,28.86
Tautira,75,PF,1551060000,66,-17.73,-149.15,87.8,11.41
Cahir,24,IE,1551061973,93,52.37,-7.93,46.12,4.72
Zheleznodorozhnyy,75,RU,1551060000,92,55.75,38.0,32.0,8.95
Kawalu,0,ID,1551061974,79,-7.38,108.21,79.15,2.59
Araouane,0,ML,1551061974,33,18.9,-3.53,52.11,9.86
Comodoro Rivadavia,40,AR,1551060000,39,-45.87,-67.48,48.2,5.82
Aylesbury,0,GB,1551059760,73,51.82,-0.81,41.0,3.36
Darnah,56,LY,1551061975,100,32.77,22.64,55.12,17.69
Los Llanos de Aridane,0,ES,1551060000,55,28.66,-17.92,62.6,3.36
Pong,20,TH,1551060000,66,12.95,100.98,86.0,10.29
Tiksi,68,RU,1551061975,66,71.64,128.87,-5.09,19.82
Dingle,0,PH,1551061976,54,11.0,122.67,84.91,11.21
Abu Samrah,20,SY,1551061976,89,35.3,37.18,40.0,2.37
Tongliao,0,CN,1551061976,39,43.61,122.27,37.03,11.21
Mount Isa,40,AU,1551060000,49,-20.73,139.49,89.6,9.17
Meulaboh,20,ID,1551061977,100,4.14,96.13,81.81,3.6
Tokonou,0,GN,1551061977,60,9.65,-9.78,61.38,2.71
Phalaborwa,92,ZA,1551060000,83,-23.95,31.14,73.4,9.17
Ukiah,90,US,1551059760,87,39.15,-123.21,48.2,4.7
Barcelos,0,PT,1551060000,62,41.53,-8.62,55.4,10.29
Tucurui,80,BR,1551061978,95,-3.77,-49.67,74.25,3.49
Caxito,20,BR,1551061978,78,-22.65,-42.51,79.65,2.93
Cockburn Town,0,TC,1551061978,97,21.46,-71.14,77.71,19.04
Praia,0,BR,1551060000,73,-20.25,-43.81,77.0,2.24
Bella Union,64,CO,1551061979,57,8.5,-73.35,74.56,4.72
Ampanihy,12,MG,1551061980,89,-24.69,44.75,66.73,2.93
Gamba,8,CN,1551061980,82,28.28,88.52,9.58,10.31
Livani,0,LV,1551061980,80,56.35,26.18,30.15,11.99
Lichtenburg,0,ZA,1551061980,54,-26.15,26.16,55.3,7.29
Havoysund,75,NO,1551059400,93,71.0,24.66,35.6,20.8
Frontera,40,MX,1551059100,83,18.53,-92.64,77.0,5.82
Lamu,0,ID,1551061981,76,0.57,122.3,84.51,0.81
Zhigansk,64,RU,1551061981,72,66.77,123.37,-10.94,4.94
Nabire,20,ID,1551061982,87,-3.36,135.5,78.25,2.37
Mezen,92,RU,1551061982,93,65.85,44.24,32.58,6.4
Gander,20,CA,1551060000,55,48.95,-54.61,6.8,6.93
Mitsamiouli,8,KM,1551061982,100,-11.38,43.28,80.41,2.37
Changping,0,CN,1551060000,19,40.22,116.23,46.4,6.71
Tolaga Bay,100,NZ,1551061983,80,-38.37,178.3,61.2,21.27
Knysna,0,ZA,1551060000,93,-34.04,23.05,57.2,2.24
Gurupi,0,BR,1551061893,89,-11.73,-49.07,74.79,3.15
Doha,0,QA,1551060000,68,25.29,51.53,68.0,12.75
Bulancak,75,TR,1551059400,87,40.94,38.23,42.8,5.82
Sur,0,OM,1551061984,96,22.57,59.53,71.01,6.17
Anuradhapura,8,LK,1551061984,80,8.34,80.41,79.65,5.17
Kargil,48,PK,1551061984,74,34.56,76.13,-2.89,1.25
Aguimes,0,ES,1551060000,27,27.91,-15.45,64.4,6.93
Biltine,20,TD,1551061985,42,14.53,20.93,66.1,4.94
Kendari,36,ID,1551061985,89,-3.99,122.52,85.14,3.71
San Quintin,20,PH,1551061985,47,17.54,120.52,80.55,3.83
Santa Cruz,1,US,1551060900,71,36.97,-122.03,55.4,3.36
Maragogi,8,BR,1551061987,97,-9.01,-35.22,74.47,4.16
Richards Bay,68,ZA,1551061987,93,-28.77,32.06,72.81,5.95
Reshetylivka,68,UA,1551061987,81,49.56,34.08,19.26,10.76
Bassano,0,CA,1551061987,27,50.79,-112.47,-20.17,4.38
Sorong,0,ID,1551061988,100,-0.86,131.25,81.81,4.38
Sena Madureira,12,BR,1551061988,91,-9.07,-68.66,75.28,3.15
Praya,40,ID,1551061800,66,-8.71,116.27,87.8,3.36
Dzidzantun,68,MX,1551061989,73,21.25,-89.05,77.76,4.94
Mana,88,RS,1551060000,79,43.52,20.24,28.4,5.82
Olinda,75,EC,1551060000,78,-2.03,-79.75,80.6,5.82
Okakarara,92,NA,1551061989,80,-20.59,17.46,66.82,3.04
Chapada dos Guimaraes,40,BR,1551060000,83,-15.46,-55.75,82.4,5.95
Ban Tak,0,TH,1551060000,60,17.04,99.08,73.4,2.24
Mount Pleasant,1,US,1551060900,52,33.16,-94.97,46.4,3.6
Alekseyevskaya,32,RU,1551061991,80,45.77,40.15,19.89,3.04
Auchi,48,NG,1551061991,93,7.07,6.27,76.23,5.5
Elko,90,US,1551059760,64,40.83,-115.76,37.4,6.93
Voskresenskoye,92,RU,1551061991,87,56.84,45.43,23.8,6.51
Puerto Escondido,5,MX,1551058920,74,15.86,-97.07,78.8,3.36
Dubovskoye,56,RU,1551061992,83,47.41,42.76,14.71,8.63
Coquimbo,0,CL,1551060000,87,-29.95,-71.34,60.8,2.24
Makarov,68,RU,1551061992,93,48.62,142.78,18.13,5.06
Angoche,8,MZ,1551061992,100,-16.23,39.91,81.54,3.94
Sicuani,76,PE,1551061993,93,-14.27,-71.23,39.28,2.15
Salta,75,AR,1551060000,94,-24.79,-65.41,77.0,1.7
Solak,75,TR,1551059400,87,36.96,30.9,48.2,5.82
Lapovo,40,RS,1551056400,68,44.19,21.1,28.4,2.24
Malkangiri,0,IN,1551061994,55,18.35,81.9,75.69,3.6
Jiayuguan,0,CN,1551061994,51,39.77,98.29,14.49,2.82
Turinskaya Sloboda,64,RU,1551061994,83,57.62,64.39,14.31,8.86
Balkhash,90,KZ,1551060000,84,46.84,74.98,3.2,8.95
Sayyan,0,YE,1551061995,52,15.17,44.32,39.33,2.26
Ahipara,0,NZ,1551061826,74,-35.17,173.16,68.35,22.5
Yumen,0,CN,1551061995,56,40.29,97.04,26.01,2.37
Abha,0,SA,1551060000,62,18.22,42.5,60.8,5.82
Dalvik,20,SE,1551061200,100,57.79,14.13,35.6,8.05
Villanueva de Cordoba,0,ES,1551060000,86,38.32,-4.63,41.0,2.24
Mabaruma,68,GY,1551061996,87,8.2,-59.78,75.82,6.62
Vestmannaeyjar,0,IS,1551061890,91,63.44,-20.27,43.29,13.78
Ankara,75,TR,1551059400,93,39.92,32.85,39.2,6.93
Diamantino,48,BR,1551061997,90,-14.4,-56.44,73.98,3.6
Valparaiso,1,US,1551060900,67,41.47,-87.06,24.8,29.97
Pangody,76,RU,1551061997,63,65.85,74.49,3.28,8.97
Avera,1,US,1551060900,33,33.19,-82.53,60.8,12.75
Kiunga,20,PG,1551061997,74,-6.12,141.3,85.36,3.27
Izumo,75,JP,1551060000,71,35.37,132.75,53.6,3.36
Miri,32,NG,1551061998,96,10.31,9.75,64.89,4.16
Tres Arroyos,12,AR,1551061808,71,-38.38,-60.28,52.2,13.0
Rabo de Peixe,40,PT,1551060000,71,37.8,-25.58,55.4,14.99
Sept-Iles,90,CA,1551060660,78,50.2,-66.38,17.6,25.28
Mujiayingzi,0,CN,1551061999,45,42.12,118.78,34.96,4.38
Ormond Beach,40,US,1551060900,78,29.29,-81.06,73.4,5.82
Ferkessedougou,0,CI,1551061999,54,9.6,-5.2,63.4,3.38
Lamar,1,US,1551059580,80,38.09,-102.62,30.2,9.17
Aravissos,40,GR,1551059400,74,40.84,22.3,33.8,2.24
Berlevag,88,NO,1551062000,97,70.86,29.09,36.22,17.25
Shinpokh,40,PK,1551060000,70,34.33,71.18,46.4,4.7
Rio Grande,92,BR,1551062001,100,-32.03,-52.1,71.77,10.87
Hirara,75,JP,1551060000,78,24.8,125.28,75.2,10.29
Nambutalai,92,IN,1551062001,100,9.72,79.0,79.06,7.4
Vardo,20,US,1551060900,33,39.62,-77.74,46.4,26.4
Bindura,0,ZW,1551062002,83,-17.3,31.33,54.81,2.15
Shuangyang,0,CN,1551062002,82,25.0,118.61,60.16,4.83
Maldonado,0,UY,1551062002,100,-34.91,-54.96,60.7,5.39
Inhambane,92,MZ,1551062002,91,-23.87,35.38,78.7,6.17
Sharan,0,AF,1551062003,42,33.15,68.78,-5.9,2.15
Lazaro Cardenas,40,MX,1551059460,17,28.39,-105.62,55.4,5.82
Glinka,76,RU,1551062003,94,54.64,32.87,34.38,14.45
Dunedin,8,NZ,1551061814,66,-45.87,170.5,59.31,4.27
Winton,32,AU,1551062003,87,-22.38,143.04,84.24,5.06
San Policarpo,8,PH,1551062004,88,12.18,125.51,79.29,8.19
Alofi,92,NU,1551060000,78,-19.06,-169.92,82.4,17.22
Grong,88,NO,1551062004,95,64.47,12.32,34.87,10.87
Bocas del Toro,20,PA,1551062004,96,9.33,-82.25,81.22,13.11
Murmino,92,RU,1551062005,94,54.6,40.05,29.92,14.45
Pinega,80,RU,1551062005,94,64.7,43.39,32.26,5.73
Nauta,24,PE,1551062005,93,-4.51,-73.58,76.27,3.27
Rakai,56,UG,1551062006,93,-0.71,31.4,57.6,2.71
Vila Velha,20,BR,1551060000,88,-3.71,-38.6,77.0,4.7
De-Kastri,0,RU,1551062006,100,51.48,140.77,12.96,9.19
Uige,80,AO,1551062006,90,-7.61,15.06,66.37,2.15
Sistranda,75,NO,1551059400,87,63.73,8.83,44.6,17.22
Shangqiu,36,CN,1551062007,70,34.42,115.65,53.77,4.61
Vacaria,92,BR,1551062007,99,-28.51,-50.94,65.83,2.48
Yaan,20,NG,1551061761,90,7.38,8.57,75.73,7.63
Saint-Augustin,0,FR,1551060000,100,44.83,-0.61,41.0,2.24
Juneau,40,US,1551059760,68,58.3,-134.42,32.0,2.93
Bella Vista,100,AR,1551062008,95,-28.51,-59.05,71.28,9.64
Byron Bay,75,AU,1551060180,61,-28.65,153.62,77.0,19.46
Makinsk,36,KZ,1551062009,79,52.63,70.42,5.76,12.44
Caravelas,0,BR,1551062009,100,-17.73,-39.27,83.7,17.02
Makat,92,KZ,1551062009,95,47.65,53.35,28.66,7.4
Providencia,88,CO,1551062010,96,1.24,-77.6,55.21,0.92
Cristalina,56,BR,1551062010,88,-16.77,-47.61,69.66,2.59
Abu Zabad,0,SD,1551062010,61,12.35,29.25,65.79,2.82
Hay River,40,CA,1551060000,75,60.82,-115.79,-13.01,3.36
Cururupu,92,BR,1551062011,96,-1.82,-44.87,75.55,4.61
Toora-Khem,0,RU,1551062011,69,52.47,96.11,8.19,2.37
San Jose,36,PH,1551062012,71,15.79,120.99,79.51,1.92
Hailar,8,CN,1551062013,59,49.2,119.7,23.62,12.77
Charters Towers,12,AU,1551062013,71,-20.07,146.27,83.56,11.99
Muskegon,90,US,1551059760,58,43.23,-86.25,26.6,31.09
Griffith,24,AU,1551060000,30,-34.29,146.06,82.4,8.05
Karratha,0,AU,1551061992,24,-20.74,116.85,104.85,4.61
Artyom,0,RU,1551060000,16,43.36,132.19,37.4,8.95
